time,cur_obj,cur_bound,root_obj
0.8840000629425049,468.06026666662547,0.0,0.0
1.4950001239776611,393.5772333332934,0.0,
3.449000120162964,117.40303330789902,0.0,
3.508000135421753,113.18749999993815,0.0,
12.48800015449524,113.13469999998597,0.0,
13.01200008392334,113.11573333331944,0.0,
31.009000062942505,113.1155113914956,71.41533332502149,
62.242000102996826,113.11551139149606,113.11551139149606,
