time,cur_obj,cur_bound,root_obj
16.0310001373291,16363.231233333136,0.0,0.0
16.14300012588501,3075.859266666477,0.0,
30.14400005340576,2618.4761666665,0.0,
35.021000146865845,2392.8449666664965,0.0,
44.36199998855591,1391.3248333333613,0.0,
60.41100001335144,1391.3248333333545,0.0,
