time,cur_obj,cur_bound,root_obj
31.69000005722046,16572.036066661633,324.95889999998303,324.95889999998303
48.13900017738342,16200.892566660492,324.95889999998303,
60.00999999046326,16069.605199993894,324.95889999998303,
60.71900010108948,16069.6051999939,324.95889999998303,
