time,cur_obj,cur_bound,root_obj
0.4890000820159912,468.06026666662547,0.0,0.0
0.6700000762939453,393.5772333332934,0.0,
1.2109999656677246,117.40303330789902,0.0,
1.2720000743865967,113.18749999993815,0.0,
4.417999982833862,113.13469999998597,0.0,
4.648999929428101,113.11573333331944,0.0,
12.015000104904175,113.1155113914956,71.41533332502149,
32.19799995422363,113.11551139149606,113.11551139149606,
