time,cur_obj,cur_bound,root_obj
21.77300000190735,9289.801333329851,296.26099999998223,296.26099999998223
24.623000144958496,9229.290933329918,296.2609999999986,
34.634000062942505,4106.337033332784,296.2609999999986,
47.343000173568726,4060.7509666658298,296.2609999999986,
47.39100003242493,3619.444966665993,296.2609999999986,
51.22800016403198,2167.182166666491,296.2609999999986,
58.907999992370605,1801.8334666662558,296.2609999999986,
60.57200002670288,1801.8334666662577,296.2609999999986,
