time,cur_obj,cur_bound,root_obj
13.884999990463257,17330.3168333332,0.0,0.0
13.996999979019165,2165.2312333332375,0.0,
23.210999965667725,1981.2754333332487,0.0,
24.674999952316284,1925.2893666665695,0.0,
35.38800001144409,828.2213666665484,0.0,
35.61199998855591,702.5260999998718,0.0,
60.02999997138977,660.5943991665263,0.0,
60.07200002670288,601.6485333331657,0.0,
60.110000133514404,592.1756333331941,0.0,
60.151000022888184,572.8747666665877,0.0,
60.71600008010864,572.8747666665907,0.0,
