time,cur_obj,cur_bound,root_obj
15.786999940872192,13060.919599999863,0.0,0.0
15.90499997138977,2739.0813666665344,0.0,
23.585000038146973,2325.2002333331984,0.0,
33.95099997520447,1259.7497000000585,0.0,
34.0789999961853,855.7275333332,0.0,
60.02500009536743,752.3415000017048,0.0,
60.07299995422363,555.946393480117,0.0,
60.485000133514404,555.9463934801197,0.0,
60.704999923706055,555.9463934801197,0.0,
