time,cur_obj,cur_bound,root_obj
23.092999935150146,22082.262133333104,0.0,0.0
23.234999895095825,2684.1064666665043,0.0,
36.92400002479553,2417.3866328402946,0.0,
42.11500000953674,2294.1274666664685,0.0,
59.59299993515015,930.3224658057734,0.0,
60.620999813079834,930.3224658057734,0.0,
