time,cur_obj,cur_bound,root_obj
20.171000003814697,8169.8198666634635,267.89549999997644,267.89549999997644
26.592999935150146,8124.35849999699,267.89549999999144,
27.17899990081787,7852.78613333017,267.89549999999144,
40.87400007247925,3040.2960333331575,267.89549999999144,
42.04900002479553,3013.3525999990816,267.89549999999144,
55.081000089645386,2418.721020774654,267.89549999999144,
61.944000005722046,2418.721020774645,267.89549999999144,
62.1710000038147,2418.721020774645,267.89549999999144,
