time,cur_obj,cur_bound,root_obj
21.723000049591064,23374.712766666475,0.0,0.0
21.841000080108643,2704.9292333331105,0.0,
35.50800013542175,2306.0356666664447,0.0,
49.8270001411438,837.3646333331562,0.0,
51.47500014305115,808.624133333069,0.0,
60.59700012207031,808.6241333330647,0.0,
