time,cur_obj,cur_bound,root_obj
22.783999919891357,9641.136299997495,281.7829666666321,281.7829666666321
29.223999977111816,9378.201633330973,281.7829666666439,
34.8289999961853,9289.016566664293,281.7829666666439,
45.98699998855591,3877.079399999988,281.7829666666439,
60.52999997138977,3877.079399999993,281.7829666666439,
