time,cur_obj,cur_bound,root_obj
0.6359999179840088,420.64369999993323,0.0,0.0
0.8359999656677246,226.39313333333303,0.0,
1.2400000095367432,142.5039333331897,0.0,
1.3539998531341553,126.46729999964373,0.0,
1.7779998779296875,126.33906666661642,0.0,
5.881999969482422,126.33906658814522,0.0,
60.23899984359741,126.33906658814328,110.39206666663813,
60.32699990272522,126.33906658814328,110.39206666663813,
