time,cur_obj,cur_bound,root_obj
0.1510000228881836,147.1229999999823,0.0,0.0
0.19999980926513672,108.2912999999462,0.0,
0.2089998722076416,105.22769999995762,0.0,
0.22699999809265137,81.37209999993684,0.0,
0.22799992561340332,59.855099999998856,0.0,
1.878000020980835,59.761899999999514,0.0,
1.9179999828338623,59.734366666662936,0.0,
3.2229998111724854,59.72086666666564,0.0,
60.75,59.720866666665756,28.175733333333483,
60.75099992752075,59.720866666665756,28.175733333333483,
