time,cur_obj,cur_bound,root_obj
16.61899995803833,7973.826766663966,303.7809999999879,303.7809999999879
22.282999992370605,7899.177166663998,303.7809999999879,
26.29100012779236,7796.061566662836,303.7809999999879,
32.85700011253357,5123.674199999565,303.7809999999879,
42.1470000743866,3422.5859333329936,303.7809999999879,
49.396000146865845,2227.5074324038287,303.7809999999879,
60.0239999294281,2198.458366666222,303.7809999999879,
60.05900001525879,2040.4038333326098,303.7809999999879,
60.49900007247925,2040.4038333326127,303.7809999999879,
