time,cur_obj,cur_bound,root_obj
25.028000116348267,10385.671199996534,293.9826333333067,293.9826333333067
31.884999990463257,10011.463366663447,293.9826333333067,
42.67400002479553,5522.906333332176,293.9826333333067,
43.437000036239624,3353.917533332351,293.9826333333067,
60.03500008583069,3042.721033332462,293.9826333333067,
60.080000162124634,1930.65356666578,293.9826333333067,
60.700000047683716,1930.6535666657792,293.9826333333067,
