time,cur_obj,cur_bound,root_obj
23.582000017166138,12700.263466662262,374.48556666663603,374.48556666663603
40.23900008201599,8104.662799989135,374.4855666666408,
41.485000133514404,7375.396066656656,374.4855666666408,
50.72800016403198,6878.752899992556,374.4855666666408,
60.00699996948242,4911.724299998517,374.4855666666408,
60.58200001716614,4911.724299998517,374.4855666666408,
