time,cur_obj,cur_bound,root_obj
0.9839999675750732,1e+100,0.0,0.0
1.2410001754760742,335.56763333327217,0.0,
1.2630000114440918,256.6417333332802,74.5009999999802,
1.2720000743865967,191.64923333330262,74.5009999999802,
1.3900001049041748,130.33663333331333,82.75217926659539,
1.4079999923706055,121.7432333333054,87.81952887778516,
1.4120001792907715,118.5428333333075,87.81952887778516,
1.496999979019165,113.30763333331117,113.30763333330833,
