time,cur_obj,cur_bound,root_obj
12.055999994277954,14027.390399999858,0.0,0.0
12.166000127792358,2233.7068333331845,0.0,
20.630000114440918,1997.4551999998512,0.0,
21.88700008392334,1898.6277333331964,0.0,
28.89800000190735,1079.7769055961544,0.0,
31.38700008392334,705.6263999996154,0.0,
57.865999937057495,673.8253666664095,0.0,
57.90499997138977,638.1646659343241,0.0,
57.937999963760376,541.1395617161834,0.0,
60.39300012588501,541.1395617161842,0.0,
