time,cur_obj,cur_bound,root_obj
18.943000078201294,17326.497066666474,0.0,0.0
19.049000024795532,3015.5716333331657,0.0,
30.78500008583069,2527.672793378195,0.0,
40.5699999332428,1221.7899999998335,0.0,
43.30800008773804,1081.7520666660275,0.0,
60.01900005340576,989.8110666660796,0.0,
60.07100009918213,844.4860723644961,0.0,
60.69099998474121,844.4860723644941,0.0,
