time,cur_obj,cur_bound,root_obj
25.889000177383423,13858.989399994141,282.6192666666466,282.6192666666466
26.032000064849854,13021.917633328325,282.6192666666466,
56.20099997520447,12999.342033328343,282.61926666666113,
66.11500000953674,12999.342033328327,282.61926666666113,
