time,cur_obj,cur_bound,root_obj
0.2049999237060547,1e+100,51.67649999999571,51.67649999999571
0.2049999237060547,214.6112999999823,51.67649999999571,
0.20599985122680664,213.74119999998948,51.67649999999571,
0.2259998321533203,73.31029999999191,51.67649999999594,
0.25099992752075195,53.63719999999421,51.67649999999594,
0.2669999599456787,51.80639999999573,51.80639999999573,
