time,cur_obj,cur_bound,root_obj
0.37999987602233887,1e+100,38.66799999999557,38.66799999999557
0.4479999542236328,220.0382999999715,38.66799999999557,
0.5290000438690186,55.33196666665026,39.94399999999405,
0.5460000038146973,54.36779999997407,39.94399999999405,
0.6559998989105225,53.142566666655966,39.94399999999405,
0.9010000228881836,52.74149999997917,42.18416666665962,
0.943000078201294,51.77733333330298,43.62746666664293,
1.0329999923706055,51.56449999998563,51.56449999998563,
