time,cur_obj,cur_bound,root_obj
1.4049999713897705,123.88126666665357,108.6410666666618,108.6410666666618
1.440000057220459,120.93706666666276,108.6410666666618,
1.5250000953674316,118.07086666666282,108.6410666666618,
1.5520000457763672,118.07086666666532,118.07086666666282,
