time,cur_obj,cur_bound,root_obj
0.3619999885559082,111.24623333331147,43.54319999999416,43.54319999999416
0.38499999046325684,72.92663333331711,43.54319999999461,
0.4270000457763672,62.64133333331665,43.71517538758235,
0.4700000286102295,60.51863333332312,44.32069999999385,
0.4700000286102295,58.374333333322284,44.32069999999385,
0.47099995613098145,54.18503333332501,44.32069999999385,
0.4960000514984131,54.18503333332626,54.18503333332501,
