time,cur_obj,cur_bound,root_obj
33.960999965667725,14568.653566662455,307.0918999999967,307.0918999999967
60.6729998588562,14568.65356666246,307.0918999999967,
