time,cur_obj,cur_bound,root_obj
13.809000015258789,17283.808733333193,0.0,0.0
13.92300009727478,2102.0116666664617,0.0,
22.414000034332275,1804.6007666664518,0.0,
35.34599995613098,656.3019666666733,0.0,
54.193000078201294,558.8315333333303,0.0,
54.246999979019165,557.9810665042169,0.0,
54.29900002479553,557.9748560010121,0.0,
59.47000002861023,549.5826999998608,0.0,
60.420000076293945,549.5826999998624,0.0,
