time,cur_obj,cur_bound,root_obj
14.968000173568726,16467.006033333208,0.0,0.0
15.08400011062622,1985.9404999999024,0.0,
21.42300009727478,1580.4469333332017,0.0,
34.414000034332275,795.15652532487,0.0,
47.629000186920166,735.247533333124,0.0,
47.67900013923645,650.7349333336169,0.0,
55.450000047683716,609.0727323459214,0.0,
60.04299998283386,607.8802303939156,0.0,
60.08300018310547,578.9191666664992,0.0,
60.56700015068054,578.9191666664946,0.0,
