time,cur_obj,cur_bound,root_obj
0.8539998531341553,477.8179666665201,0.0,0.0
1.0899999141693115,399.05216666653905,0.0,
1.5460000038146973,125.88799999985713,0.0,
3.609999895095825,125.88799998716786,0.0,
4.210000038146973,125.88799997447495,0.0,
4.2129998207092285,125.88784912116171,0.0,
60.08399987220764,125.88784912115898,17.901732715359685,
60.194000005722046,125.88784912115898,17.901732715359685,
