time,cur_obj,cur_bound,root_obj
27.838000059127808,13774.319999994972,294.32739999998125,294.32739999998125
39.63300013542175,13573.018766661815,294.32739999998125,
60.00800013542175,5206.711799999262,294.32739999998125,
60.646000146865845,5206.711799999252,294.32739999998125,
