time,cur_obj,cur_bound,root_obj
0.2929999828338623,1429.9157333332932,0.0,0.0
0.33699989318847656,74.53350000000046,0.0,
0.556999921798706,70.8241999999982,0.0,
1.9259998798370361,66.10029999998187,5.380366666666305,
2.369999885559082,64.22119999998722,6.153466666666645,
2.944999933242798,62.390999999995984,6.153466666666645,
5.162999868392944,62.357999999964704,6.153466666666645,
15.527999877929688,62.35175315658944,6.153466666666645,
7200.207000017166,62.35175315659092,53.31916666663687,
