time,cur_obj,cur_bound,root_obj
0.9019999504089355,420.64369999993323,0.0,0.0
1.244999885559082,226.39313333333303,0.0,
2.3339998722076416,142.5039333331897,0.0,
2.7209999561309814,126.46729999964373,0.0,
3.941999912261963,126.33906666661642,0.0,
14.167999982833862,126.33906658814522,0.0,
7216.297999858856,126.33906658814328,116.28943333330972,
7216.5199999809265,126.33906658814328,116.28943333330972,
