time,cur_obj,cur_bound,root_obj
0.12800002098083496,223.55749999998625,41.05883333333213,41.05883333333213
0.15599989891052246,217.57650000000103,41.05883333333213,
0.15599989891052246,108.76139999999214,41.05883333333213,
0.19099998474121094,83.95109999999295,43.93874892630447,
0.2239999771118164,78.75489999999809,44.08828017630458,
0.2349998950958252,62.39099999999962,47.829065217388234,
0.29200005531311035,62.358000000000175,55.86734934834658,
0.31799983978271484,62.358000000000175,62.358000000000175,
