time,cur_obj,cur_bound,root_obj
0.13500022888183594,73.31029999986822,24.135533333331296,24.135533333331296
0.14600014686584473,51.80639999989535,24.135533333331296,
0.23100018501281738,51.80639999989546,51.80639999989535,
