time,cur_obj,cur_bound,root_obj
0.30099987983703613,1e+100,59.22839999999519,59.22839999999519
0.3320000171661377,115.00236666665296,59.22839999999542,
0.47699999809265137,71.01976666665632,59.229716237508,
0.5139999389648438,71.01976666665632,59.78863808822007,
0.5309998989105225,68.32486666666318,62.94239999999354,
0.5309998989105225,68.32486666666318,62.94239999999354,
0.5319998264312744,68.32486666666318,62.94239999999354,
0.5479998588562012,68.32486666666352,68.31914949980228,
