time,cur_obj,cur_bound,root_obj
0.1770000457763672,123.53376666665645,0.0,0.0
0.20300006866455078,91.2667666666548,3.7827537487764857,
0.25500011444091797,83.70146666665823,27.380359685635995,
0.26999998092651367,75.91806666666162,27.380359685635995,
0.2910001277923584,74.01406666666298,27.380359685635995,
0.31100010871887207,69.22316666666575,28.020466666665925,
0.34599995613098145,68.32486666666136,46.24237227434378,
0.3640000820159912,68.32486666666091,68.32486666666,
0.36500000953674316,68.32486666666091,68.32486666666,
