time,cur_obj,cur_bound,root_obj
22.63100004196167,15925.757033333153,0.0,0.0
22.764999866485596,2676.103999999832,0.0,
39.730000019073486,2480.0985333331337,0.0,
49.418999910354614,1259.2477993332723,0.0,
60.57299995422363,1259.247799333285,0.0,
