time,cur_obj,cur_bound,root_obj
16.246999979019165,16051.692733333184,0.0,0.0
16.371999979019165,1887.6232333332227,0.0,
22.421000003814697,1708.5439333332179,0.0,
26.244999885559082,1666.8870999998762,0.0,
31.655999898910522,937.1648333332487,0.0,
47.496999979019165,768.878029246378,0.0,
47.55399990081787,715.9856666663181,0.0,
47.60599994659424,681.2664285474093,0.0,
60.29699993133545,681.2664285474087,0.0,
60.50699996948242,681.2664285474087,0.0,
