time,cur_obj,cur_bound,root_obj
20.121000051498413,15439.846233333155,0.0,0.0
20.252000093460083,3479.0897999998415,0.0,
30.072999954223633,3227.0496333331685,0.0,
34.94600009918213,3133.957266666461,0.0,
42.57599997520447,1432.766466666595,0.0,
60.039000034332275,1038.8895999995293,0.0,
60.08899998664856,922.6460972846689,0.0,
60.450000047683716,922.6460972846817,0.0,
60.6949999332428,922.6460972846817,0.0,
