time,cur_obj,cur_bound,root_obj
1.0759999752044678,1e+100,79.47716666666666,79.47716666666666
1.2689998149871826,334.4776333332732,79.47716666666666,
1.2939999103546143,256.6417333332911,97.35229999998955,
1.303999900817871,133.32973333332484,97.35229999998955,
1.3469998836517334,118.54283333332387,100.42929999998978,
1.4670000076293945,113.30763333331606,113.30763333331606,
