time,cur_obj,cur_bound,root_obj
24.07100009918213,9596.835199997353,318.44386666665764,318.44386666665764
27.32200002670288,9478.446633330437,318.44386666665764,
27.8510000705719,9426.16226666409,318.44386666665764,
39.43600010871887,4227.461566666199,318.44386666665764,
40.805999994277954,3316.0576939635866,318.44386666665764,
58.41300010681152,3022.6822606303394,318.44386666665764,
60.00600004196167,2578.8181333331886,318.44386666665764,
60.5310001373291,2578.818133333194,318.44386666665764,
