time,cur_obj,cur_bound,root_obj
0.2390000820159912,281.5958999999539,51.513633333329835,51.513633333329835
0.25100016593933105,118.44769999997334,51.51363333333029,
0.252000093460083,66.8122999999614,51.51363333333029,
0.25500011444091797,64.99229999996533,51.51363333333029,
0.2910001277923584,64.9922999999659,64.99229999996533,
