time,cur_obj,cur_bound,root_obj
0.18000006675720215,115.00236666665842,59.22839999999792,59.22839999999792
0.192000150680542,83.70146666665914,59.228399999998146,
0.1940000057220459,81.70146666812161,59.228399999998146,
0.19900012016296387,74.23726666719722,59.228399999998146,
0.2330000400543213,68.32486666665864,60.6002612683169,
0.2609999179840088,68.3248666666592,68.32486666665864,
