time,cur_obj,cur_bound,root_obj
22.79099988937378,23109.109033333152,0.0,0.0
22.92799997329712,3939.4723999998096,0.0,
36.620999813079834,3492.4242999998096,0.0,
38.07699990272522,3329.00626666646,0.0,
55.90499997138977,1054.3429999997898,0.0,
60.5239999294281,1054.3429999997975,0.0,
