time,cur_obj,cur_bound,root_obj
19.86299991607666,8065.474466664578,360.17713333329834,360.17713333329834
25.983999967575073,7890.31009999798,360.17713333333086,
27.15499997138977,7750.600566664747,360.17713333333086,
38.95799994468689,4719.898533331718,360.17713333333086,
40.2739999294281,3781.520633333028,360.17713333333086,
49.47499990463257,3235.6897333331144,360.17713333333086,
53.11500000953674,2219.136666665945,360.17713333333086,
53.6710000038147,1877.7057333328703,360.17713333333086,
60.48199987411499,1877.7057333328721,360.17713333333086,
