time,cur_obj,cur_bound,root_obj
0.15199995040893555,1429.9157333332932,0.0,0.0
0.18599987030029297,74.53350000000046,0.0,
0.22699999809265137,70.8241999999982,0.0,
0.7089998722076416,66.10029999998187,5.380366666666305,
0.8799998760223389,64.22119999998722,6.153466666666645,
1.0,62.390999999995984,6.153466666666645,
1.2739999294281006,62.357999999964704,6.153466666666645,
3.7790000438690186,62.35175315658944,6.153466666666645,
60.01900005340576,62.35175315659092,44.73046666666414,
