time,cur_obj,cur_bound,root_obj
17.296000003814697,14202.564499999833,0.0,0.0
17.407999992370605,3814.6740666664555,0.0,
31.206000089645386,3297.5629666664317,0.0,
32.60700011253357,3271.488033333095,0.0,
41.687000036239624,1337.158233333248,0.0,
60.03400015830994,1022.8583999996481,0.0,
60.0789999961853,974.7695333330485,0.0,
60.12100005149841,821.801666666579,0.0,
60.61300015449524,821.8016666665826,0.0,
