time,cur_obj,cur_bound,root_obj
1.00600004196167,408.1977999999199,0.0,0.0
1.628999948501587,197.49133333328427,0.0,
1.681999921798706,184.74369999993542,0.0,
1.8829998970031738,181.30919999986145,0.0,
2.0320000648498535,133.65249999997468,0.0,
2.244999885559082,118.05339999985517,0.0,
2.5409998893737793,116.31559999991805,0.0,
60.032999992370605,116.3155999999168,67.06335293803022,
