time,cur_obj,cur_bound,root_obj
0.28999996185302734,119.13063333332047,32.994933333329755,32.994933333329755
0.312999963760376,86.14466666665885,32.994933333329755,
0.31399989128112793,86.11996666665982,32.994933333329755,
0.34399986267089844,57.0119666666601,32.994933333329755,
0.34999990463256836,55.15869999999359,32.994933333329755,
0.3509998321533203,54.2222666666612,32.994933333329755,
0.370999813079834,54.18533333332698,36.797099999996135,
0.432999849319458,54.18503333332728,38.84286666666276,
0.44700002670288086,54.18503333332683,54.18503333332683,
