time,cur_obj,cur_bound,root_obj
36.91499996185303,16209.480433328921,431.66376666664746,431.66376666664746
49.34500002861023,16094.172533328994,431.66376666666474,
50.22199988365173,15985.547199995752,431.66376666666474,
60.00699996948242,15604.08406666253,431.66376666666474,
60.79900002479553,15604.084066662534,431.66376666666474,
