time,cur_obj,cur_bound,root_obj
0.8470001220703125,468.02236666657336,0.0,0.0
1.0130000114440918,444.0524666665806,0.0,
1.4250001907348633,121.2798666665858,0.0,
1.7370002269744873,117.45386666664126,0.0,
19.087000131607056,117.45386273556323,110.32106273552199,
21.294000148773193,117.45385995881043,110.32106273552381,
28.03500008583069,117.4538599588094,117.45385995880679,
