time,cur_obj,cur_bound,root_obj
28.980000019073486,14501.780833328157,420.41769999995336,420.41769999995336
41.181999921798706,14197.05653332849,420.4176999999909,
60.01099991798401,6540.94356666485,420.4176999999909,
60.65000009536743,6540.943566664857,420.4176999999909,
