time,cur_obj,cur_bound,root_obj
0.10899996757507324,239.99193333331095,53.59213333333014,53.59213333333014
0.14499998092651367,95.75943333331452,53.59213333333014,
0.182999849319458,91.05209999998988,53.59213333333014,
0.182999849319458,88.98549999999705,53.59213333333014,
0.2199997901916504,61.38933333332716,53.59213333333014,
0.29199981689453125,59.721766666662006,53.59213333333014,
0.3809998035430908,59.720866666662914,54.90463333332991,
0.4629998207092285,59.720866666663596,59.720866666662914,
0.4629998207092285,59.720866666663596,59.720866666662914,
