time,cur_obj,cur_bound,root_obj
1.0329999923706055,477.8179666665201,0.0,0.0
1.5269999504089355,399.05216666653905,0.0,
2.671999931335449,125.88799999985713,0.0,
7.878000020980835,125.88799998716786,0.0,
10.100000143051147,125.88799997447495,0.0,
10.104000091552734,125.88784912116171,0.0,
1456.2650001049042,125.88607946451702,22.1658993820256,
1508.7880001068115,125.88607945169315,22.1658993820256,
7200.5,125.88607945169213,23.42043271536022,
