time,cur_obj,cur_bound,root_obj
0.9290001392364502,534.6213333332544,0.0,0.0
1.061000108718872,369.9462333333322,0.0,
1.0989999771118164,363.30413333333127,0.0,
1.7639999389648438,149.60476666659997,0.0,
1.8280000686645508,142.7409666665917,0.0,
2.177000045776367,134.675099999964,0.0,
4.301000118255615,134.47709999992185,0.0,
29.69700002670288,134.47709995527657,0.0,
60.14800000190735,134.47709995527543,0.0,
