time,cur_obj,cur_bound,root_obj
23.390999794006348,9385.6790333307,312.527466666638,312.527466666638
28.13099980354309,8837.771933331016,312.52746666665917,
44.58999991416931,4243.885633332866,312.52746666665917,
45.7189998626709,4180.19399999913,312.52746666665917,
57.30199980735779,3198.7123999996984,312.52746666665917,
60.54099988937378,3198.7123999996966,312.52746666665917,
