time,cur_obj,cur_bound,root_obj
1.132000207901001,1e+100,89.991999999982,89.991999999982
1.1550002098083496,202.16109999996797,89.991999999982,
1.1590001583099365,167.5786333333108,89.991999999982,
1.1640000343322754,136.4679666666434,89.991999999982,
1.2240002155303955,120.26606666664657,89.991999999982,
1.5870001316070557,117.45386666664626,117.45386666664581,
