time,cur_obj,cur_bound,root_obj
21.092999935150146,13987.477933333153,0.0,0.0
21.223999977111816,3808.914199999752,0.0,
32.978999853134155,3504.694633333085,0.0,
46.21599984169006,1699.4308666664583,0.0,
47.16599988937378,1392.5291666663397,0.0,
60.02799987792969,1210.461399499618,0.0,
60.08399987220764,921.7593333331752,0.0,
61.128000020980835,921.7593333331786,0.0,
