time,cur_obj,cur_bound,root_obj
15.541000127792358,10775.589333333206,0.0,0.0
15.661999940872192,2073.9993666665687,0.0,
21.263000011444092,1777.95096648865,0.0,
30.44700002670288,978.1336666666393,0.0,
46.29900002479553,751.9637666663402,0.0,
54.15300011634827,664.7028999998365,0.0,
60.04200005531311,661.1675999999061,0.0,
60.53699994087219,661.1675999999137,0.0,
