time,cur_obj,cur_bound,root_obj
35.45300006866455,15230.212599995255,301.21666666664555,301.21666666664555
35.63199996948242,13218.218366661313,301.21666666664555,
53.128000020980835,12830.707533321925,301.2166666666599,
53.87899994850159,12037.913733322493,301.2166666666599,
60.460999965667725,11951.28369999153,301.2166666666599,
60.51900005340576,10923.059233325432,301.2166666666599,
61.312000036239624,10923.059233325423,301.2166666666599,
