time,cur_obj,cur_bound,root_obj
33.918999910354614,16428.15516666294,364.81506666667224,364.81506666667224
51.06100010871887,16068.034199996444,364.815066666677,
60.67700004577637,16068.034199996433,364.815066666677,
