time,cur_obj,cur_bound,root_obj
18.467999935150146,15977.956833333112,0.0,0.0
18.579999923706055,3242.265066666456,0.0,
29.460999965667725,3087.0455333331047,0.0,
33.848000049591064,2952.2055330377916,0.0,
44.299999952316284,1327.1826333332574,0.0,
60.02500009536743,1138.895899999683,0.0,
60.075000047683716,1080.1938999996928,0.0,
60.11800003051758,897.9652666664624,0.0,
60.63700008392334,897.9652666664568,0.0,
