time,cur_obj,cur_bound,root_obj
34.43899989128113,14980.600633329595,365.88423333328933,365.88423333328933
55.960999965667725,11579.6168999808,365.8842333333305,
56.02799987792969,11390.330033315244,365.8842333333305,
60.00999999046326,8548.899499996056,365.8842333333305,
60.825000047683716,8548.899499996043,365.8842333333305,
