time,cur_obj,cur_bound,root_obj
20.430999994277954,9417.873666663887,264.2788666666729,264.2788666666729
30.54200005531311,9062.755033327478,264.2788666666729,
33.81599998474121,7785.154899992762,264.2788666666729,
52.492000102996826,2887.0319333327716,264.2788666666729,
54.35700011253357,2481.2890999992887,264.2788666666729,
60.48099994659424,2481.2890999992906,264.2788666666729,
