time,cur_obj,cur_bound,root_obj
0.13900017738342285,214.6112999999914,51.676499999997986,51.676499999997986
0.1400001049041748,73.31029999999782,51.676499999997986,
0.15400004386901855,63.81819999999652,51.676499999998214,
0.15400004386901855,54.585899999998674,51.676499999998214,
0.1660001277923584,53.63719999999694,51.676499999998214,
0.18200016021728516,51.80639999999903,51.676499999998214,
0.18500018119812012,51.806399999998916,51.806399999998916,
