time,cur_obj,cur_bound,root_obj
1.9830000400543213,3059.5483999999196,0.0,0.0
2.11899995803833,1772.1116666666112,0.0,
2.552999973297119,641.4477666665425,0.0,
2.687000036239624,618.1733666666642,0.0,
2.8459999561309814,521.9503999999761,0.0,
3.869999885559082,515.2320999999811,0.0,
3.872999906539917,165.5267333332722,0.0,
4.4040000438690186,126.46729999999297,0.0,
13.61299991607666,126.33906666657822,125.97606666660613,
13.674000024795532,126.33906666657947,126.33906666657947,
