time,cur_obj,cur_bound,root_obj
1.1500000953674316,468.02236666657336,0.0,0.0
1.5390000343322754,444.0524666665806,0.0,
2.871000051498413,121.2798666665858,0.0,
4.101000070571899,117.45386666664126,0.0,
36.13800001144409,117.45386273556323,110.32106273552199,
40.01800012588501,117.45385995881043,110.32106273552381,
55.19700002670288,117.4538599588094,117.45385995880679,
