time,cur_obj,cur_bound,root_obj
0.12900018692016602,223.55749999998625,20.08550000000014,20.08550000000014
0.1490001678466797,212.8950999999879,20.08550000000014,
0.15600013732910156,149.6830999999911,20.08550000000014,
0.16499996185302734,126.06800000000021,22.356058646631027,
0.1679999828338623,82.52309999999943,22.356058646631027,
0.17200016975402832,71.28869999999642,27.28013333333365,
0.18000006675720215,67.05949999999484,62.35799999999654,
0.18000006675720215,62.3579999999929,62.35799999999654,
0.1830000877380371,62.3579999999929,62.3579999999929,
