time,cur_obj,cur_bound,root_obj
2.559999942779541,1514.130866666619,0.0,0.0
3.613999843597412,973.2912666665943,0.0,
4.760999917984009,565.154966666616,0.0,
4.763999938964844,456.15469999992274,0.0,
4.766999959945679,303.98806666660494,0.0,
4.769999980926514,141.07806666661236,0.0,
5.197000026702881,119.596099999957,0.0,
7.039999961853027,116.33660000000054,0.0,
8.424999952316284,116.31560000001264,0.0,
26.384000062942505,116.31560000001366,116.31560000001366,
