time,cur_obj,cur_bound,root_obj
0.13199996948242188,239.99193333331095,24.567133333330275,24.567133333330275
0.16499996185302734,145.94773333332978,24.567133333330275,
0.1679999828338623,145.94339999999374,24.567133333330275,
0.18900012969970703,73.61579999998958,24.567133333330275,
0.20399999618530273,60.02813333332415,24.567133333330275,
0.48399996757507324,59.760999999993146,33.496193117643756,
0.8459999561309814,59.72176666665473,59.68079999998645,
0.8470001220703125,59.72086666663836,59.68079999998645,
0.876000165939331,59.720866666638585,59.72086666663836,
