order_ID,store_id,home_id,org_lng,org_lat,des_lng,des_lat
0.0,25996.0,24901.0,114.11262040083761,22.552058400837616,114.12346264295294,22.562900642952954
0.0,25458.0,9549.0,114.112456281985,22.551894281985007,114.12420506243954,22.56364306243955
0.0,16861.0,19541.0,114.10983263948276,22.54927063948276,114.09580276089227,22.535240760892275
0.0,23207.0,5247.0,114.11176921612267,22.551207216122666,114.13014619117672,22.569584191176723
0.0,11791.0,18854.0,114.2305504156233,22.693568415623286,114.20952664997257,22.67254464997256
0.0,21327.0,16265.0,114.11335489941868,22.552792899418687,114.09637664219979,22.535814642199796
0.0,12265.0,18632.0,114.23069498627703,22.69371298627702,114.21183978043233,22.674857780432315
0.0,10666.0,14141.0,114.23536975583667,22.698387755836663,114.24549270998166,22.708510709981653
0.0,13308.0,25497.0,114.2310135432883,22.69403154328829,114.21693669261265,22.679954692612643
0.0,17490.0,2095.0,114.11293840979393,22.552376409793926,114.13556273222945,22.57500073222945
